dataset,auc,log_loss,brier_score
train,0.896331130351263,0.4654047228110727,0.15412534108610473
val,0.7045565132395464,0.4742010619387277,0.15784738066210338
test,0.704865853436982,0.47666585918519583,0.15844374331745084
