dataset,auc,log_loss,brier_score
train,0.9794877642731541,0.33667458354629265,0.10464537037263802
val,0.6734645319911943,0.32303314392181975,0.09667302318702604
test,0.6765201628612549,0.3283558482099258,0.09846092142587677
