dataset,auc,log_loss,brier_score
train,0.9979398685442136,0.19854105205282638,0.046819265075619725
val,0.7265738372928006,0.2346002750378721,0.05881056816577789
test,0.7256498402272146,0.23733568950903844,0.06019327075407027
