dataset,auc,log_loss,brier_score
train,0.9999734617706375,0.13039900816390704,0.028050520297112472
val,0.6719340477022372,0.17099010288189948,0.04152924946684091
test,0.6631339689255559,0.18065411559483657,0.04484331915422863
