dataset,auc,log_loss,brier_score
train,0.7451070670763984,0.11039458811422664,0.024687637022686434
val,0.7337428915006677,0.10321760457617075,0.02241330578323469
test,0.7291803847869662,0.11729341672059226,0.026362068252635984
