dataset,auc,log_loss,brier_score
train,0.7459914429468822,0.599433431342478,0.20923291836737148
val,0.7343141436897532,0.6365676596177181,0.2247800641029309
test,0.7290968144354663,0.6381500154461824,0.22510740832924708
