dataset,auc,log_loss,brier_score
train,0.9352142332365787,0.3517595012195621,0.10630781267256358
val,0.7304064786214496,0.3759578252138685,0.11459337964242527
test,0.7271908452111564,0.37530881250652653,0.11419257668094956
