dataset,auc,log_loss,brier_score
train,0.9920722930725989,0.26988592485383245,0.07831558317686808
val,0.6738760907915862,0.26020753671034247,0.07288457993247759
test,0.6778835303830713,0.26152172957259484,0.07318575763009225
